id;position;title;year;publisher;genre;characteristic;platform;metascore;user_avg;no_players;
1;1;The Legend of Zelda: Ocarina of Time;1998;Nintendo;Action Adventure;Fantasy;Nintendo64;99;9.1;1 Player;
2;2;Tony Hawk's Pro Skater 2;2000;Activision;Sports;Skateboarding;PlayStation;98;7.4;not specified;
3;3;Grand Theft Auto IV;2008;RockstarGames;Action Adventure;Open-World;PlayStation3;98;7.5;1 Player;
4;4;SoulCalibur;1999;Bandai;Fighting;3D;Dreamcast;98;8.6;01-feb;
5;5;Grand Theft Auto IV;2008;RockstarGames;Action Adventure;Open-World;Xbox360;98;7.9;1 Player;
6;6;Super Mario Galaxy;2007;Nintendo;Platformer;3D;Wii;97;9.0;No Online Multiplayer;
7;7;Super Mario Galaxy 2;2010;Nintendo;Platformer;3D;Wii;97;9.1;No Online Multiplayer;
8;8;Grand Theft Auto V;2014;RockstarGames;Action Adventure;Open-World;XboxOne;97;7.8;gen-30;
9;9;Grand Theft Auto V;2013;RockstarGames;Action Adventure;Open-World;PlayStation3;97;8.3;gen-16;
10;10;Grand Theft Auto V;2013;RockstarGames;Action Adventure;Open-World;Xbox360;97;8.3;gen-16;
11;11;Tony Hawk's Pro Skater 2;2000;Activision;Sports;Skateboarding;Dreamcast;97;6.2;not specified;
12;12;The Legend of Zelda: Breath of the Wild;2017;Nintendo;Action Adventure;Open-World;Switch;97;8.5;No Online Multiplayer;
13;13;Tony Hawk's Pro Skater 3;2001;Activision;Sports;Skateboarding;PlayStation2;97;7.4;01-feb;
14;14;Perfect Dark;2000;Rare;FPS;Sci-Fi;Nintendo64;97;8.9;not specified;
15;15;Grand Theft Auto V;2014;RockstarGames;Action Adventure;Open-World;PlayStation4;97;8.3;gen-30;
16;16;Metroid Prime;2002;Nintendo;FPS;Sci-Fi;GameCube;97;9.2;1 Player;
17;17;Grand Theft Auto III;2001;RockstarGames;Action Adventure;Open-World;PlayStation2;97;8.5;1 Player;
18;18;Super Mario Odyssey;2017;Nintendo;Platformer;3D;Switch;97;8.9;No Online Multiplayer;
19;19;Halo: Combat Evolved;2001;XboxGamesStudios;FPS;Sci-Fi;Xbox;97;8.6;01-apr;
20;20;NFL 2K1;2000;Sega;Sports;Football;Dreamcast;97;6.4;not specified;
21;21;Half-Life 2;2004;Valve;FPS;Sci-Fi;PC;96;9.1;No Online Multiplayer;
22;22;Grand Theft Auto V;2015;RockstarGames;Action Adventure;Open-World;PC;96;7.7;gen-32;
23;23;The Legend of Zelda: Breath of the Wild;2017;Nintendo;Action Adventure;Open-World;WiiU;96;8.2;No Online Multiplayer;
24;24;BioShock;2007;2kGames;FPS;Sci-Fi;Xbox360;96;8.9;No Online Multiplayer;
25;25;GoldenEye 007;1997;Rare;FPS;Modern;Nintendo64;96;9.1;01-apr;
26;26;Uncharted 2: Among Thieves;2009;SonyInteractiveEntertainment;Action Adventure;Linear;PlayStation3;96;8.9;No Online Multiplayer;
27;27;Resident Evil 4;2005;Capcom;Action Adventure;Horror;GameCube;96;9.31 Player;;
28;28;The Orange Box;2007;Valve;FPS;Sci-Fi;Xbox360;96;8.8;16  Online;
29;29;The Orange Box;2007;Valve;FPS;Sci-Fi;PC;96;9.2;16  Online;
30;30;Batman: Arkham City;2011;RocksteadyStudios;Action Adventure;Open-World;PlayStation3;96;8.7;No Online Multiplayer;
31;31;Tekken 3;1998;Bandai;Fighting;3D;PlayStation;96;9.1;01-feb;
32;32;Mass Effect 2;2010;EA;Action RPG;Sci-Fi;Xbox360;96;8.9;No Online Multiplayer;
33;33;The Legend of Zelda: Twilight Princess;2006;Nintendo;Action Adventure;Fantasy;GameCube;96;8.9;1 Player;
34;34;The Elder Scrolls V: Skyrim;2011;BethesdaSoftworks;Action RPG;Fantasy;Xbox360;96;8.5;No Online Multiplayer;
35;35;Half-Life;1998;Valve;FPS;Sci-Fi;PC;96;9.1;gen-32;
36;36;Resident Evil 4;2005;Capcom;Action Adventure;Horror;PlayStation2;96;8.9;1 Player;
37;37;The Legend of Zelda: The Wind Waker;2003;Nintendo;Action Adventure;Fantasy;GameCube;96;8.9;1 Player;
38;38;Gran Turismo;1998;SonyInteractiveEntertainment;Racing;GT/Street;PlayStation;96;8.6;01-feb;
39;39;BioShock;2007;2kGames;FPS;Sci-Fi;PC;96;8.5;No Online Multiplayer;
40;40;Metal Gear Solid 2: Sons of Liberty;2001;Konami;Action Adventure;Stealth;PlayStation2;96;8.8;1 Player;
41;41;Grand Theft Auto Double Pack;2003;RockstarGames;Action Adventure;Open-World;Xbox;96;7.9;1 Player;
42;42;Baldur's Gate II: Shadows of Amn;2000;BlackIsleStudios;RPG;Fantasy;PC;95;9.2;01-giu;
43;43;Grand Theft Auto: San Andreas;2004;RockstarGames;Action Adventure;Open-World;PlayStation2;95;9.0;01-feb;
44;44;Grand Theft Auto: Vice City;2002;RockstarGames;Action Adventure;Open-World;PlayStation2;95;8.8;1 Player;
45;45;LittleBigPlanet;2008;SonyInteractiveEntertainment;Platformer;3D;PlayStation3;95;6.8;01-apr;
46;46;The Legend of Zelda Collector's Edition;2003;Nintendo;Action Adventure;Fantasy;GameCube;95;9.0;1 Player;
47;47;Red Dead Redemption;2010;RockstarGames;Action Adventure;Open-World;PlayStation3;95;8.9;gen-16;
48;48;Gran Turismo 3: A-Spec;2001;SonyInteractiveEntertainment;Racing;GT/Street;PlayStation2;95;8.4;01-feb;
49;49;Halo 2;2004;XboxGamesStudios;FPS;Sci-Fi;Xbox;95;8.2;gen-16;
50;50;The Legend of Zelda: A Link to the Past;2002;Nintendo;Action Adventure;Fantasy;GameBoyAdvance;95;8.9;not specified;
51;51;The Legend of Zelda: Majora's Mask;2000;Nintendo;Action Adventure;Fantasy;Nintendo64;95;9.1;1 Player;
52;52;The Last of Us;2013;SonyInteractiveEntertainment;Action Adventure;Modern;PlayStation3;95;9.2;01-ago;
53;53;The Legend of Zelda: Twilight Princess;2006;Nintendo;Action Adventure;Fantasy;Wii;95;9.0;No Online Multiplayer;
54;54;Madden NFL 2003;2002;EA;Sports;Football;PlayStation2;95;7.4;01-feb;
55;55;Tony Hawk's Pro Skater 2;2001;Activision;Sports;Skateboarding;GameBoyAdvance;95;7.0;not specified;
56;56;The Last of Us Remastered;2014;SonyInteractiveEntertainment;Action Adventure;Modern;PlayStation4;95;9.1;01-ago;
57;57;Portal 2;2011;Valve;Platformer;Sci-Fi;PC;95;9.0;not specified;
58;58;Red Dead Redemption;2010;RockstarGames;Action Adventure;Open-World;Xbox360;95;9.0;gen-16;
59;59;Portal 2;2011;Valve;Platformer;Sci-Fi;Xbox360;95;8.7;not specified;
60;60;Metal Gear Solid V: The Phantom Pain;2015;Konami;Action Adventure;Open-World;XboxOne;95;7.4;gen-16;
61;61;Portal 2;2011;Valve;Platformer;Sci-Fi;PlayStation3;95;8.5;not specified;
62;62;World of Goo;2008;Nintendo;Puzzle;2D;Wii;94;8.7;01-apr;
63;63;BioShock Infinite;2013;2kGames;FPS;Sci-Fi;PlayStation3;94;8.5;No Online Multiplayer;
64;64;Final Fantasy IX;2000;SquareEnix;JRPG;Fantasy;PlayStation;94;8.9;1 Player;
65;65;Call of Duty: Modern Warfare 2;2009;Activision;FPS;Modern;PlayStation3;94;6.4;gen-18;
66;66;Tony Hawk's Pro Skater 4;2002;Activision;Sports;Skateboarding;PlayStation2;94;8.4;01-ago;
67;67;Devil May Cry;2001;Capcom;Action Adventure;Fantasy;PlayStation2;94;8.6;1 Player;
68;68;Call of Duty 4: Modern Warfare;2007;Activision;FPS;Modern;PlayStation3;94;8.4;gen-18;
69;69;Madden NFL 2002;2001;EA;Sports;Football;PlayStation2;94;7.4;01-ago;
70;70;God of War;2018;SonyInteractiveEntertainment;Action Adventure;Linear;PlayStation4;94;9.1;No Online Multiplayer;
71;71;Batman: Arkham City;2011;RocksteadyStudios;Action Adventure;Open-World;Xbox360;94;8.7;No Online Multiplayer;
72;72;The Elder Scrolls V: Skyrim;2011;BethesdaSoftworks;Action RPG;Fantasy;PC;94;8.2;No Online Multiplayer;
73;73;Mass Effect 2;2010;EA;Action RPG;Sci-Fi;PC;94;8.8;No Online Multiplayer;
74;74;The Legend of Zelda: Ocarina of Time 3D;2011;Nintendo;Action Adventure;Fantasy;3DS;94;8.9;No Online Multiplayer;
75;75;Chrono Cross;2000;SquareEnix;JRPG;Fantasy;PlayStation;94;8.2;1 Player;
76;76;BioShock;2008;2kGames;FPS;Sci-Fi;PlayStation3;94;8.7;No Online Multiplayer;
77;77;Mass Effect 2;2011;EA;Action RPG;Sci-Fi;PlayStation3;94;8.5;No Online Multiplayer;
78;78;Grand Theft Auto: Vice City;2003;RockstarGames;Action Adventure;Open-World;PC;94;8.8;No Online Multiplayer;
79;79;Madden NFL 2004;2003;EA;Sports;Football;PlayStation2;94;8.4;01-ago;
80;80;Gears of War;2006;XboxGamesStudios;Action;Sci-Fi;Xbox360;94;8.3;8  Online;
81;81;The Elder Scrolls IV: Oblivion;2006;BethesdaSoftworks;Action RPG;Fantasy;Xbox360;94;8.7;No Online Multiplayer;
82;82;Sid Meier's Civilization II;1996;MicroProse;Strategy;Historic;PC;94;8.9;1 Player;
83;83;Quake;1996;IdSoftware;FPS;Sci-Fi;PC;94;8.8;gen-16;
84;84;Call of Duty 4: Modern Warfare;2007;Activision;FPS;Modern;Xbox360;94;8.5;gen-18;
85;85;BioShock Infinite;2013;2kGames;FPS;Sci-Fi;PC;94;8.6;No Online Multiplayer;
86;86;Halo 3;2007;XboxGamesStudios;FPS;Sci-Fi;Xbox360;94;7.9;01-apr;
87;87;Ninja Gaiden Black;2005;Tecmo;Action Adventure;Fantasy;Xbox;94;8.7;1 Player;
88;88;The Elder Scrolls IV: Oblivion;2006;BethesdaSoftworks;Action RPG;Fantasy;PC;94;8.1;No Online Multiplayer;
89;89;Street Fighter IV;2009;Capcom;Fighting;3D;PlayStation3;94;7.3;2  Online;
90;90;Celeste;2018;MattMakesGamesInc.;Platformer;2D;XboxOne;94;6.4;No Online Multiplayer;
91;91;Super Mario Advance 4: Super Mario Bros. 3;2003;Nintendo;Platformer;2D;GameBoyAdvance;94;8.9;01-apr;
92;92;Jet Grind Radio;2000;Sega;Platformer;3D;Dreamcast;94;8.0;not specified;
93;93;Metal Gear Solid;1998;Konami;Action Adventure;Stealth;PlayStation;94;9.2;1 Player;
94;94;Grim Fandango;1998;LucasArts;Adventure;3D;PC;94;9.1;No Online Multiplayer;
95;95;Tom Clancy's Splinter Cell Chaos Theory;2005;Ubisoft;Action Adventure;Stealth;Xbox;94;8.9;4  Online;
96;96;Burnout 3: Takedown;2004;EA;Racing;Arcade;Xbox;94;7.4;8  Online;
97;97;Diablo;1996;Blizzard;Action RPG;Fantasy;PC;94;8.7;01-apr;
98;98;Metal Gear Solid 3: Subsistence;2006;Konami;Action Adventure;Stealth;PlayStation2;94;9.0;8  Online;
99;99;Call of Duty: Modern Warfare 2;2009;Activision;FPS;Modern;Xbox360;94;6.4;gen-18;
100;100;Metal Gear Solid 4: Guns of the Patriots;2008;Konami;Action Adventure;Stealth;PlayStation3;94;8.8;gen-16;
101;101;NCAA Football 2004;2003;EA;Sports;Football;PlayStation2;94;8.7;01-ago;
102;102;God of War;2005;SonyInteractiveEntertainment;Action Adventure;Fantasy;PlayStation2;94;8.9;1 Player;
103;103;Star Wars: Knights of the Old Republic;2003;LucasArts;Action RPG;Fantasy;Xbox;94;9.0;1 Player;
104;104;Sid Meier's Civilization IV;2005;2kGames;Strategy;Historic;PC;94;8.3;12  Online;
105;105;Madden NFL 2004;2003;EA;Sports;Football;GameCube;94;7.0;01-apr;
106;106;Virtua Fighter 4;2002;Sega;Fighting;3D;PlayStation2;94;8.1;01-feb;
107;107;Super Mario 64;1996;Nintendo;Platformer;3D;Nintendo64;94;9.2;1 Player;
108;108;The Witcher 3: Wild Hunt;2015;CDProjectRedStudio;Action RPG;Fantasy;PC;93;9.3;No Online Multiplayer;
109;109;Burnout 3: Takedown;2004;EA;Racing;Arcade;PlayStation2;93;9.0;gen-16;
110;110;Super Smash Bros. Brawl;2008;Nintendo;Fighting;3D;Wii;93;8.9;01-apr;
111;111;Company of Heroes;2006;THQ;Strategy;Historic;PC;93;8.8;8  Online;
112;112;Gran Turismo 2;1999;SonyInteractiveEntertainment;Racing;GT/Street;PlayStation;93;9.0;01-feb;
113;113;Tom Clancy's Splinter Cell Pandora Tomorrow;2004;Ubisoft;Action Adventure;Stealth;Xbox;93;8.6;01-apr;
114;114;Grand Theft Auto: Chinatown Wars;2009;RockstarGames;Action Adventure;Open-World;DS;93;8.2;not specified;
115;115;Pac-Man Championship Edition DX;2010;Bandai;Puzzle;2D;Xbox360;93;7.8;not specified;
116;116;Street Fighter Alpha 3;1999;Capcom;Fighting;2D;PlayStation;93;8.6;01-feb;
117;117;Tony Hawk's Pro Skater 3;2002;Activision;Sports;Skateboarding;Xbox;93;7.9;01-apr;
118;118;Divinity: Original Sin II;2017;LarianStudios;Action RPG;Fantasy;PC;93;8.4;Online Multiplayer;
119;119;Unreal Tournament 2004;2004;EpicGames;FPS;Sci-Fi;PC;93;8.8;gen-32;
120;120;BioShock Infinite;2013;2kGames;FPS;Sci-Fi;Xbox360;93;8.5;No Online Multiplayer;
121;121;Braid;2008;NumberNoneInc;Platformer;2D;Xbox360;93;8.5;1 Player;
122;122;God of War II;2007;SonyInteractiveEntertainment;Action Adventure;Fantasy;PlayStation2;93;8.9;1 Player;
123;123;Super Mario 3D World;2013;Nintendo;Platformer;3D;WiiU;93;8.9;No Online Multiplayer;
124;124;Starcraft II: Wings of Liberty;2010;Blizzard;Strategy;Sci-Fi;PC;93;8.2;01-apr;
125;125;SSX;2000;EA;Sports;Snowboarding;PlayStation2;93;8.4;01-feb;
126;126;Street Fighter IV;2009;Capcom;Fighting;3D;Xbox360;93;7.3;2  Online;
127;127;Minecraft;2009;Mojang;Sandbox;Fantasy;PC;93;7.5;01-ott;
128;128;Persona 5;2017;Atlus;JRPG;Modern;PlayStation4;93;9.1;No Online Multiplayer;
129;129;Persona 4 Golden;2012;Atlus;JRPG;Modern;PlayStationVita;93;9.2;gen-40;
130;130;SSX 3;2003;EA;Sports;Snowboarding;PlayStation2;93;9.0;01-feb;
131;131;Tom Clancy's Splinter Cell;2002;Ubisoft;Action Adventure;Stealth;Xbox;93;8.6;1 Player;
132;132;Grand Theft Auto III;2002;RockstarGames;Action Adventure;Open-World;PC;93;8.3;No Online Multiplayer;
133;133;Quake III Arena;2000;IdSoftware;FPS;Sci-Fi;Dreamcast;93;8.1;not specified;
134;134;Homeworld;1999;Relic;Strategy;Real-Time;PC;93;8.9;01-ago;
135;135;Okami;2006;CloverStudio;Action Adventure;Fantasy;PlayStation2;93;9.1;1 Player;
136;136;The Elder Scrolls IV: Oblivion;2007;BethesdaSoftworks;Action RPG;Fantasy;PlayStation3;93;8.0;No Online Multiplayer;
137;137;Fallout 3;2008;BethesdaSoftworks;Action RPG;Modern;Xbox360;93;8.5;No Online Multiplayer;
138;138;Gears of War 2;2008;XboxGamesStudios;Action;Sci-Fi;Xbox360;93;7.7;01-feb;
139;139;SoulCalibur II;2003;Bandai;Fighting;3D;GameCube;93;8.8;01-feb;
140;140;World Soccer Winning Eleven 6 International;2003;Konami;Sports;Soccer;PlayStation2;93;8.4;01-ago;
141;141;NFL 2K3;2002;Sega;Sports;Football;PlayStation2;93;7.4;01-feb;
142;142;Mass Effect 3;2012;EA;"Action RPG""""";Sci-Fi;Xbox360;93;5.9;01-apr;
143;143;Metal Gear Solid V: The Phantom Pain;2015;Konami;Action Adventure;Open-World;PlayStation4;93;8.2;gen-16;
144;144;Skies of Arcadia;2000;Sega;JRPG;Fantasy;Dreamcast;93;8.9;not specified;
145;145;The Legend of Zelda: Skyward Sword;2011;Nintendo;Action Adventure;Open-World;Wii;93;8.1;No Online Multiplayer;
146;146;Mario Kart Super Circuit;2001;Nintendo;Racing;Kart;GameBoyAdvance;93;8.2;01-feb;
147;147;Rock Band 3;2010;MtvGames;Rhythm;Music;Xbox360;93;8.3;not specified;
148;148;Viewtiful Joe;2003;CloverStudio;Action;Beat-Em-Up;GameCube;93;8.3;1 Player;
149;149;Test Drive Le Mans;2000;Infogrames;Racing;GT/Street;Dreamcast;93;7.7;not specified;
150;150;NBA 2K1;2000;Sega;Sports;Basketball;Dreamcast;93;7.0;not specified;
151;151;Castlevania: Symphony of the Night;1997;Konami;Platformer;2D;PlayStation;93;9.2;1 Player;
152;152;Star Wars: Knights of the Old Republic;2003;LucasArts;Action RPG;Sci-Fi;PC;93;9.0;No Online Multiplayer;
153;153;Virtua Fighter 4: Evolution;2003;Sega;Fighting;3D;PlayStation2;93;8.9;01-feb;
154;154;Uncharted 4: A Thief's End;2016;SonyInteractiveEntertainment;Action Adventure;Linear;PlayStation4;93;8.3;01-ott;
155;155;Braid;2009;NumberNoneInc;Platformer;2D;PlayStation3;93;7.8;1 Player;
156;156;Mass Effect 3;2012;EA;Action RPG;Sci-Fi;PlayStation3;93;5.6;01-apr;
157;157;Paper Mario;2001;Nintendo;Action RPG;Fantasy;Nintendo64;93;9.1;not specified;
158;158;Wipeout XL;1996;SonyInteractiveEntertainment;Racing;Sci-Fi;PlayStation;93;8.6;01-feb;
159;159;Grand Theft Auto: San Andreas;2005;RockstarGames;Action Adventure;Open-World;Xbox;93;8.7;01-feb;
160;160;INSIDE;2016;PLAYDEAD;Platformer;2D;XboxOne;93;8.2;not specified;
161;161;World of Warcraft;2004;Blizzard;MMORPG;Fantasy;PC;93;7.3;Massively Multiplayer;
162;162;Grand Theft Auto: San Andreas;2005;RockstarGames;"Action Adventure""""";Open-World;PC;93;8.9;No Online Multiplayer;
163;163;Flipnote Studio;2009;Nintendo;General;Application;DS;93;8.4;not specified;
164;164;World Soccer Winning Eleven 7 International;2004;Konami;Sports;Soccer;PlayStation2;93;8.8;01-ago;
165;165;NBA 2K2;2001;Sega;Sports;Basketball;Dreamcast;93;7.3;not specified;
166;166;SoulCalibur II;2003;Bandai;Fighting;3D;PlayStation2;92;8.8;01-feb;
167;167;The Elder Scrolls V: Skyrim;2011;BethesdaSoftworks;Action RPG;Fantasy;PlayStation3;92;6.5;No Online Multiplayer;
168;168;Prince of Persia: The Sands of Time;2003;Ubisoft;Action Adventure;Fantasy;Xbox;92;7.7;1 Player;
169;169;Call of Duty 4: Modern Warfare;2007;Activision;FPS;Modern;PC;92;8.5;gen-18;
170;170;Divinity: Original Sin II - Definitive Edition;2018;LarianStudios;Action RPG;Fantasy;PlayStation4;92;8.5;Online Multiplayer;
171;171;God of War III;2010;SonyInteractiveEntertainment;Action Adventure;Fantasy;PlayStation3;92;8.8;No Online Multiplayer;
172;172;NFL 2K3;2002;Sega;Sports;Football;GameCube;92;8.3;01-apr;
173;173;SSX Tricky;2001;EA;Sports;Snowboarding;PlayStation2;92;8.9;01-feb;
174;174;NHL 2002;2001;EA;Sports;Ice Hockey;PlayStation2;92;8.5;01-ago;
175;175;Guitar Hero II;2007;Activision;Rhythm;Music;Xbox360;92;8.1;01-feb;
176;176;Prince of Persia: The Sands of Time;2003;Ubisoft;Action Adventure;Fantasy;PlayStation2;92;8.7;1 Player;
177;177;Uncharted 3: Drake's Deception;2011;SonyInteractiveEntertainment;Action Adventure;Linear;PlayStation3;92;8.4;01-ott;
178;178;Rock Band;2007;MtvGames;Rhythm;Music;Xbox360;92;8.2;4  Online;
179;179;Journey;2015;TrickyPixels;Platformer;3D;PlayStation4;92;8.4;01-feb;
180;180;Bloodborne;2015;Bandai;Action RPG;Fantasy;PlayStation4;92;8.9;01-mag;
181;181;Eternal Darkness: Sanity's Requiem;2002;Nintendo;Action Adventure;Horror;GameCube;92;8.8;1 Player;
182;182;Warcraft III: Reign of Chaos;2002;Blizzard;Strategy;Fantasy;PC;92;9.1;not specified;
183;183;SSX 3;2003;EA;Sports;Snowboarding;GameCube;92;8.8;01-feb;
184;184;The Sims;2000;EA;Simulation;VirtualLife;PC;92;7.9;1 Player;
185;185;Banjo-Kazooie;1998;Rare;Platformer;3D;Nintendo64;92;9.1;1 Player;
186;186;Sid Meier's Gettysburg!;1997;FiraxisGames;Strategy;General;PC;92;7.4;01-ago;
187;187;Rock Band 2;2008;MtvGames;Rhythm;Music;Wii;92;7.6;4  Online;
188;188;Forza Motorsport;2005;XboxGamesStudios;Racing;GT/Street;Xbox;92;7.6;8  Online;
189;189;Celeste;2018;MattMakesGamesInc.;Platformer;2D;Switch;92;8.3;No Online Multiplayer;
190;190;Madden NFL 2004;2003;EA;Sports;Football;Xbox;92;8.3;01-apr;
191;191;Super Street Fighter IV;2010;Capcom;Fighting;3D;PlayStation3;92;7.8;01-ago;
192;192;World Soccer Winning Eleven 7 International;2004;EA;Sports;Soccer;PC;92;7.5;01-feb;
193;193;Advance Wars;2001;Nintendo;Strategy;Modern;GameBoyAdvance;92;9.0;01-apr;
194;194;Vagrant Story;2000;SquareEnix;Action RPG;Modern;PlayStation;92;8.5;1 Player;
195;195;What Remains of Edith Finch;2017;GiantSparrow;Adventure;3D;XboxOne;92;7.4;No Online Multiplayer;
196;196;Team Fortress 2;2007;Valve;FPS;Modern;PC;92;9.1;gen-32;
197;197;System Shock 2;1999;EA;Action Adventure;Sci-Fi;PC;92;9.1;1 Player;
198;198;Tom Clancy's Splinter Cell: Chaos Theory;2005;Ubisoft;Action Adventure;Stealth;PC;92;8.7;No Online Multiplayer;
199;199;Final Fantasy XII;2006;SquareEnix;Action RPG;Fantasy;PlayStation2;92;7.5;1 Player;
200;200;Undertale;2017;Tobyfox;RPG;Fantasy;PlayStation4;92;6.5;not specified;
201;201;Madden NFL 2003;2002;EA;Sports;Football;GameCube;92;8.5;01-apr;
202;202;The Witcher 3: Wild Hunt;2015;CDProjectRedStudio;Action RPG;Fantasy;PlayStation4;92;9.2;No Online Multiplayer;
203;203;Super Mario World: Super Mario Advance 2;2002;Nintendo;Platformer;2D;GameBoyAdvance;92;8.9;not specified;
204;204;ESPN NFL 2K5;2004;Sega;Sports;Football;Xbox;92;8.9;01-apr;
205;205;Super Smash Bros. Melee;2001;Nintendo;Fighting;3D;GameCube;92;9.1;01-apr;
206;206;Madden NFL 2003;2002;Sega;Sports;Football;Xbox;92;8.1;01-apr;
207;207;Rome: Total War;2004;Sega;Strategy;Historic;PC;92;9.1;8  Online;
208;208;Forza Motorsport 3;2009;XboxGamesStudios;Racing;GT/Street;Xbox360;92;8.1;01-ago;
209;209;Okami HD;2017;Capcom;Action Adventure;General;PC;92;7.6;No Online Multiplayer;
210;210;Undertale;2015;Tobyfox;RPG;Fantasy;PC;92;8.3;No Online Multiplayer;
211;211;Batman: Arkham Asylum;2009;RocksteadyStudios;"Action Adventure""""";Fantasy;Xbox360;92;8.7;No Online Multiplayer;
212;212;Super Mario Sunshine;2002;Nintendo;Platformer;3D;GameCube;92;8.6;1 Player;
213;213;SSX 3;2003;EA;Sports;Snowboarding;Xbox;92;8.8;01-feb;
214;214;SoulCalibur II;2003;Bandai;Fighting;3D;Xbox;92;8.9;01-feb;
215;215;Tony Hawk's Pro Skater;1999;Activision;Sports;Skateboarding;PlayStation;92;8.9;01-feb;
216;216;Thief: The Dark Project;1998;EidosInteractive;Action Adventure;Fantasy;PC;92;9.0;1 Player;
217;217;Fire Emblem: Awakening;2013;Nintendo;Strategy;Fantasy;3DS;92;9.1;No Online Multiplayer;
218;218;Age of Empires II: The Age of Kings;1999;XboxGamesStudios;Strategy;Historic;PC;92;9.0;No Online Multiplayer;
219;219;Final Fantasy X;2001;SquareEnix;JRPG;Fantasy;PlayStation2;92;8.8;1 Player;
220;220;Prince of Persia: The Sands of Time;2003;Ubisoft;Action Adventure;Fantasy;GameCube;92;8.2;1 Player;
221;221;The Walking Dead: A Telltale Games Series;2012;TelltaleGames;Adventure;Point-and-Click;Xbox360;92;8.6;not specified;
222;222;Unreal Tournament (1999);1999;EpicGames;FPS;Sci-Fi;PC;92;9.0;gen-32;
223;223;Sid Meier's Alpha Centauri;1999;FiraxisGames;Strategy;Sci-Fi;PC;92;9.0;not specified;
224;224;Wave Race 64;1996;Nintendo;Racing;Snow/Water;Nintendo64;92;8.2;01-feb;
225;225;Galactic Civilizations II: Twilight of the Arnor;2008;Stardock;Strategy;Sci-Fi;PC;92;8.4;1 Player;
226;226;Super Smash Bros. for Wii U;2014;Bandai;Fighting;3D;WiiU;92;9.0;01-apr;
227;227;Guitar Hero II;2006;Activision;Rhythm;Music;PlayStation2;92;8.5;01-feb;
228;228;Into the Breach;2018;SubsetGames;Strategy;Tactics;Switch;92;8.1;No Online Multiplayer;
229;229;Final Fantasy VII;1997;SquareEnix;JRPG;Fantasy;PlayStation;92;9.2;1 Player;
230;230;Rock Band;2007;MtvGames;Rhythm;Music;PlayStation3;92;8.4;4  Online;
231;231;Chrono Trigger;2008;SquareEnix;JRPG;Fantasy;DS;92;8.9;No Online Multiplayer;
232;232;Bayonetta 2;2018;Nintendo;Action Adventure;Linear;Switch;92;8.4;No Online Multiplayer;
233;233;Journey;2012;SonyInteractiveEntertainment;Platformer;3D;PlayStation3;92;8.8;not specified;
234;234;Xenoblade Chronicles;2012;Nintendo;Action RPG;Fantasy;Wii;92;9.0;No Online Multiplayer;
235;235;Conker's Bad Fur Day;2001;Rare;Platformer;3D;Nintendo64;92;9.1;not specified;
236;236;Medal of Honor;1999;EA;FPS;Historic;PlayStation;92;8.7;01-feb;
237;237;PaRappa the Rapper;1997;SonyInteractiveEntertainment;Rhythm;Music;PlayStation;92;7.4;1 Player;
238;238;Rock Band 2;2008;MtvGames;Rhythm;Music;Xbox360;92;8.3;01-apr;
239;239;Mario Kart 8 Deluxe;2017;Nintendo;Racing;Arcade;Switch;92;8.6;01-dic;
240;240;INSIDE;2018;PLAYDEAD;Platformer;2D;Switch;92;8.4;No Online Multiplayer;
241;241;The ICO & Shadow of the Colossus Collection;2011;SonyInteractiveEntertainment;Action Adventure;Fantasy;PlayStation3;92;8.6;1 Player;
242;242;Rayman Origins;2011;Ubisoft;Platformer;2D;Wii;92;8.5;01-apr;
243;243;Metroid Prime 2: Echoes;2004;Nintendo;FPS;Sci-Fi;GameCube;92;8.8;01-apr;
244;244;Out of the Park Baseball 17;2016;OutOfTheParkDevelopments;Sports;Baseball;PC;92;3.4;not specified;
245;245;Metroid Fusion;2002;Nintendo;Action Adventure;Sci-Fi;GameBoyAdvance;92;9.0;1 Player;
246;246;The Witcher 3: Wild Hunt - Blood and Wine;2016;CDProjectRedStudio;Action RPG;Open-World;PC;92;9.2;not specified;
247;247;Final Fantasy VI Advance;2007;SquareEnix;JRPG;Fantasy;GameBoyAdvance;92;8.6;01-feb;
248;248;Rayman Legends;2013;Ubisoft;Platformer;2D;WiiU;92;8.7;No Online Multiplayer;
249;249;Tiger Woods PGA Tour 2003;2002;EA;Sports;Golf;PC;92;5.0;01-ago;
250;250;Madden NFL 2005;2004;EA;Sports;Football;Xbox;91;7.7;2  Online;
251;251;Super Street Fighter IV;2010;Capcom;Fighting;3D;Xbox360;91;7.6;01-ago;
252;252;Pac-Man Championship Edition DX;2010;Bandai;Arcade;2D;PlayStation3;91;7.7;not specified;
253;253;Rock Band 2;2008;MtvGames;Rhythm;Music;PlayStation3;91;7.9;4  Online;
254;254;Dark Souls II;2014;Bandai;"Action RPG""""";Fantasy;Xbox360;91;7.9;01-apr;
255;255;Dishonored;2012;BethesdaSoftworks;"Action Adventure""""";Stealth;PC;91;8.4;No Online Multiplayer;
256;256;ESPN NFL Football;2003;Sega;Sports;Football;PlayStation2;91;8.5;gen-16;
257;257;Medal of Honor: Allied Assault;2002;EA;FPS;Historic;PC;91;8.6;not specified;
258;258;Myth: The Fallen Lords;1997;Bungie;Strategy;Fantasy;PC;91;8.7;gen-16;
259;259;LittleBigPlanet 2;2011;SonyInteractiveEntertainment;Platformer;3D;PlayStation3;91;8.4;4  Online;
260;260;Guitar Hero;2005;Activision;Rhythm;Music;PlayStation2;91;8.7;01-feb;
261;261;World of Warcraft: Wrath of the Lich King;2008;Blizzard;MMORPG;Fantasy;PC;91;7.6;Massively Multiplayer;
262;262;Rock Band 3;2010;MtvGames;Rhythm;Music;Wii;91;6.8;not specified;
263;263;Metroid Prime Trilogy;2009;Nintendo;FPS;Sci-Fi;Wii;91;9.1;No Online Multiplayer;
264;264;Overwatch;2016;Blizzard;FPS;Tactical;PC;91;6.7;01-dic;
265;265;F1 Challenge '99-'02;2003;EA;Racing;FormulaOne;PC;91;8.0;01-ago;
266;266;Tony Hawk's Pro Skater 4;2002;Activision;Sports;Skateboarding;GameCube;91;8.5;01-ago;
267;267;Madden NFL 2001;2000;EA;Sports;Football;PlayStation2;91;7.8;01-ago;
268;268;Baldur's Gate;1998;Interplay;RPG;Fantasy;PC;91;8.9;Online Multiplayer;
269;269;Bayonetta 2;2014;Nintendo;Action Adventure;Fantasy;WiiU;91;9.0;No Online Multiplayer;
270;270;The Witcher 3: Wild Hunt;2015;CDProjectRedStudio;"Action RPG""""";Open-World;XboxOne;91;9.2;No Online Multiplayer;
271;271;Rock Band 3;2010;MtvGames;Rhythm;Music;PlayStation3;91;8.0;not specified;
272;272;Klonoa 2: Lunatea's Veil;2001;Bandai;Platformer;3D;PlayStation2;91;9.0;1 Player;
273;273;IL-2 Sturmovik;2001;Ubisoft;Simulation;Flight;PC;91;8.7;gen-32;
274;274;Mario Tennis;2000;Nintendo;Sports;Tennis;Nintendo64;91;8.9;not specified;
275;275;FreeSpace 2;1999;Interplay;Simulation;Sci-Fi;PC;91;8.8;01-ago;
276;276;Colony Wars;1997;SonyInteractiveEntertainment;Simulation;Sci-Fi;PlayStation;91;8.0;1 Player;
277;277;Metal Gear Solid V: The Phantom Pain;2015;Konami;Action Adventure;Open-World;PC;91;7.8;gen-16;
278;278;Ratchet & Clank: Up Your Arsenal;2004;SonyInteractiveEntertainment;Platformer;3D;PlayStation2;91;9.2;8  Online;
279;279;Resident Evil;2002;Capcom;Action Adventure;Horror;GameCube;91;9.3;1 Player;
280;280;FIFA Soccer 10;2009;EA;Sports;Soccer;PlayStation3;91;7.5;not specified;
281;281;Assassin's Creed II;2009;Ubisoft;Action Adventure;Open-World;PlayStation3;91;8.6;No Online Multiplayer;
282;282;Metal Gear Solid 3: Snake Eater;2004;Konami;Action Adventure;Stealth;PlayStation2;91;9.0;1 Player;
283;283;Twisted Metal: Black;2001;SonyInteractiveEntertainment;Racing;Car/Combat;PlayStation2;91;8.5;01-apr;
284;284;Spyro: Year of the Dragon;2000;SonyInteractiveEntertainment;Platformer;3D;PlayStation;91;8.9;1 Player;
285;285;Tomb Raider;1996;EidosInteractive;Action Adventure;Modern;PlayStation;91;8.5;1 Player;
286;286;Overwatch;2016;Blizzard;FPS;Tactical;XboxOne;91;5.8;01-dic;
287;287;Resident Evil 4: Wii Edition;2007;Capcom;Action Adventure;Horror;Wii;91;9.0;No Online Multiplayer;
288;288;Shadow of the Colossus;2005;SonyInteractiveEntertainment;Action Adventure;Fantasy;PlayStation2;91;9.1;1 Player;
289;289;Forza Horizon 3;2016;XboxGamesStudios;Racing;GT/Street;XboxOne;91;8.0;01-dic;
290;290;Peggle;2009;EA;Puzzle;Fantasy;PlayStation3;91;7.3;not specified;
291;291;The Legend of Zelda: Ocarina of Time / Master Quest;2003;Nintendo;Action Adventure;Fantasy;GameCube;91;8.9;1 Player;
292;292;Borderlands 2;2012;Gearbox;FPS;Sci-Fi;PlayStation3;91;8.2;01-apr;
293;293;Tom Clancy's Splinter Cell;2003;Ubisoft;"Action Adventure""""";Stealth;PC;91;8.5;No Online Multiplayer;
294;294;Kentucky Route Zero - Act III;2014;AnnapurnaInteractive;Adventure;General;PC;91;6.6;not specified;
295;295;NCAA Football 2003;2002;EA;Sports;Football;PlayStation2;91;8.4;01-ago;
296;296;Crysis;2007;EA;FPS;Sci-Fi;PC;91;8.0;No Online Multiplayer;
297;297;Ninja Gaiden;2004;Tecmo;Action Adventure;Fantasy;Xbox;91;8.9;1 Player;
298;God of War: Chains of Olympus;2008;SonyInteractiveEntertainment;Action Adventure;Fantasy;PSP;91;8.6;No Online Multiplayer;;
299;299;DOA2: Hardcore;2000;Tecmo;Fighting;3D;PlayStation2;91;8.0;01-apr;
300;300;World of Warcraft: The Burning Crusade;2007;Blizzard;MMORPG;Fantasy;PC;91;8.0;Massively Multiplayer;
301;301;MLB 10: The Show;2010;SonyInteractiveEntertainment;Sports;Baseball;PlayStation3;91;8.2;not specified;
302;302;Shadow of the Colossus;2018;SonyInteractiveEntertainment;Action Adventure;Fantasy;PlayStation4;91;8.5;No Online Multiplayer;
303;303;Yoshi's Island: Super Mario Advance 3;2002;Nintendo;Platformer;2D;GameBoyAdvance;91;8.9;01-apr;
304;304;The Witcher 3: Wild Hunt - Blood and Wine;2016;CDProjectRedStudio;Action RPG;Open-World;PlayStation4;91;8.8;not specified;
305;305;Tiger Woods PGA Tour 2005;2004;EA;Sports;Golf;PC;91;4.5;01-ago;
306;306;ESPN NFL Football;2003;Sega;Sports;Football;Xbox;91;8.7;01-apr;
307;307;NCAA Football 2003;2002;EA;Sports;Football;GameCube;91;8.1;01-feb;
308;308;The Longest Journey;2000;Funcom;Adventure;Fantasy;PC;91;8.8;1 Player;
309;309;Tony Hawk's Pro Skater 2;2000;Ubisoft;Sports;Skateboarding;PC;91;8.5;01-apr;
310;310;Star Wars Jedi Knight: Dark Forces II;1997;LucasArts;FPS;Sci-Fi;PC;91;8.6;gen-32;
311;311;Batman: Arkham Asylum;2009;RocksteadyStudios;Action Adventure;Fantasy;PC;91;8.7;No Online Multiplayer;
312;312;Halo: Reach;2010;XboxGamesStudios;FPS;Sci-Fi;Xbox360;91;8.1;01-apr;
313;313;Galactic Civilizations II: Dark Avatar;2007;Stardock;Strategy;Sci-Fi;PC;91;8.3;1 Player;
314;314;Mass Effect;2007;EA;Action RPG;Fantasy;Xbox360;91;8.7;No Online Multiplayer;
315;315;The Operative: No One Lives Forever;2000;Sierra;FPS;Modern;PC;91;8.8;gen-16;
316;316;Forza Motorsport 4;2011;XboxGamesStudios;Racing;GT/Street;Xbox360;91;8.2;not specified;
317;317;Resident Evil;1996;Capcom;Action Adventure;Horror;PlayStation;91;9.1;1 Player;
318;318;Battlefield 2;2005;EA;FPS;Modern;PC;91;8.4;64  Online;
319;319;God of War Collection;2009;SonyInteractiveEntertainment;Action Adventure;Fantasy;PlayStation3;91;8.7;No Online Multiplayer;
320;320;Celeste;2018;MattMakesGamesInc.;Platformer;2D;PlayStation4;91;6.3;No Online Multiplayer;
321;321;Madden NFL 2005;2004;EA;Sports;Football;PlayStation2;91;7.9;2  Online;
322;322;Tony Hawk's Pro Skater 3;2001;Activision;Sports;Skateboarding;GameCube;91;8.8;not specified;
323;323;Street Fighter IV;2009;Capcom;Fighting;3D;PC;91;7.9;2  Online;
324;324;Fallout 3;2008;BethesdaSoftworks;Action RPG;Modern;PC;91;7.9;No Online Multiplayer;
325;325;Batman: Arkham City;2011;RocksteadyStudios;Action Adventure;Open-World;PC;91;8.7;not specified;
326;326;Fez;2013;PolytronCorp.;Platformer;2D;PC;91;6.7;1 Player;
327;327;Planescape: Torment;1999;BlackIsleStudios;RPG;Fantasy;PC;91;9.2;No Online Multiplayer;
328;328;Sonic Mania Plus;2018;Sega;Platformer;2D;Switch;91;8.7;01-feb;
329;329;Gears of War 3;2011;EpicGames;TPS;Sci-Fi;Xbox360;91;7.9;01-ott;
330;330;Killzone 2;2009;SonyInteractiveEntertainment;FPS;Sci-Fi;PlayStation3;91;8.1;32  Online;
331;331;Neverwinter Nights;2002;EA;RPG;Fantasy;PC;91;8.1;Online Multiplayer;
332;332;Batman: Arkham Asylum;2009;RocksteadyStudios;"Action Adventure""""";Fantasy;PlayStation3;91;8.9;No Online Multiplayer;
333;333;Castlevania: Aria of Sorrow;2003;Konami;Platformer;2D;GameBoyAdvance;91;8.8;01-feb;
334;334;No One Lives Forever 2: A Spy in H.A.R.M.'s Way;2002;Sierra;FPS;Modern;PC;91;8.7;not specified;
335;335;INSIDE;2016;PLAYDEAD;Platformer;2D;PlayStation4;91;8.3;not specified;
336;336;Legacy of Kain: Soul Reaver;1999;EidosInteractive;Action Adventure;Horror;PlayStation;91;9.0;1 Player;
337;337;Dragon Age: Origins;2009;EA;RPG;Fantasy;PC;91;8.7;No Online Multiplayer;
338;338;Dead Cells;2018;MotionTwin;Action;2D;XboxOne;91;7.7;No Online Multiplayer;
339;339;Golden Sun;2001;Nintendo;JRPG;Fantasy;GameBoyAdvance;91;9.0;01-feb;
340;340;Rayman Legends;2013;Ubisoft;Platformer;2D;PlayStation3;91;8.7;not specified;
341;341;Mark of the Ninja;2012;XboxGamesStudios;Platformer;2D;PC;91;8.0;No Online Multiplayer;
342;342;World Soccer Winning Eleven 8 International;2005;Konami;Sports;Soccer;PlayStation2;91;8.4;01-ago;
343;343;SteamWorld Heist: Ultimate Edition;2015;Nintendo;Strategy;Turn-Based;Switch;91;8.5;No Online Multiplayer;
344;344;The Legend of Zelda: A Link Between Worlds;2013;Nintendo;Action RPG;Open-World;3DS;91;9.0;No Online Multiplayer;
345;345;Dark Souls II;2014;Bandai;Action RPG;Fantasy;PC;91;7.2;01-apr;
346;346;Castlevania: Circle of the Moon;2001;Konami;Platformer;2D;GameBoyAdvance;91;8.4;1 Player;
347;347;Far Cry 3;2012;Ubisoft;FPS;Open-World;Xbox360;91;8.6;01-apr;
348;348;Dark Souls II;2014;Bandai;Action RPG;Fantasy;PlayStation3;91;8.1;01-apr;
349;349;Shovel Knight: Treasure Trove;2017;YachtClubGames;Platformer;2D;Switch;91;8.1;No Online Multiplayer;
350;350;flower;2013;SonyInteractiveEntertainment;Adventure;General;PlayStation4;91;7.2;1 Player;
351;351;Mario Kart DS;2005;Nintendo;Racing;Kart;DS;91;8.6;4  Online;
352;352;Call of Duty;2003;Activision;FPS;Historic;PC;91;8.5;gen-32;
353;353;Madden NFL 2004;2003;EA;Sports;Football;PC;91;7.7;01-ago;
354;354;Mario Golf;1999;Nintendo;Sports;Golf;Nintendo64;91;8.0;01-apr;
355;355;Crash Bandicoot 3: Warped;1998;SonyInteractiveEntertainment;Platformer;3D;PlayStation;91;9.0;1 Player;
356;356;Assassin's Creed II;2009;Ubisoft;Action Adventure;Open-World;Xbox360;90;8.8;No Online Multiplayer;
357;357;Project Gotham Racing 2;2003;XboxGamesStudios;Racing;GT/Street;Xbox;90;8.7;8  Online;
358;358;NBA 2K12;2011;2kGames;Sports;Basketball;PlayStation3;90;6.7;not specified;
359;359;The Sims 2;2004;EA;Simulation;VirtualLife;PC;90;8.8;No Online Multiplayer;
360;360;World of Warcraft: Cataclysm;2010;Blizzard;MMORPG;Fantasy;PC;90;5.6;Massively Multiplayer;
361;361;Half-Life 2;2005;Valve;FPS;Sci-Fi;Xbox;90;8.4;1 Player;
362;362;NCAA Football 2003;2002;EA;Sports;Football;Xbox;90;7.9;01-apr;
363;363;Rayman 2: The Great Escape;1999;Ubisoft;Platformer;3D;Nintendo64;90;9.0;1 Player;
364;364;Bayonetta;2010;Nintendo;Action Adventure;Beat-Em-Up;Xbox360;90;8.1;No Online Multiplayer;
365;365;Diablo III: Ultimate Evil Edition;2014;Blizzard;"Action RPG""""";Fantasy;PlayStation4;90;8.0;01-apr;
366;366;Overwatch;2016;Blizzard;FPS;Tactical;PlayStation4;90;6.3;01-dic;
367;367;Far Cry 3;2012;Ubisoft;FPS;Open-World;PlayStation3;90;8.5;01-apr;
368;368;ICO;2001;SonyInteractiveEntertainment;Action Adventure;Fantasy;PlayStation2;90;8.8;1 Player;
369;369;Tom Clancy's Ghost Recon Advanced Warfighter;2006;Ubisoft;FPS;Tactical;Xbox360;90;7.9;gen-16;
370;370;FIFA Soccer 12;2011;EA;Sports;Soccer;PlayStation3;90;7.2;not specified;
371;371;World of Goo;2008;Nintendo;Puzzle;General;PC;90;8.5;01-feb;
372;372;Mario & Luigi: Superstar Saga;2003;Nintendo;JRPG;Fantasy;GameBoyAdvance;90;9.1;01-apr;
373;373;Shovel Knight;2015;YachtClubGames;Platformer;2D;PlayStation4;90;7.6;not specified;
374;374;Tony Hawk's Underground;2003;Activision;Sports;Skateboarding;PlayStation2;90;8.7;01-ago;
375;375;Marvel vs. Capcom 2;2000;Capcom;Fighting;2D;Dreamcast;90;8.8;not specified;
376;376;Ape Escape;1999;SonyInteractiveEntertainment;Platformer;3D;PlayStation;90;8.6;1 Player;
377;377;Syphon Filter;1999;SonyInteractiveEntertainment;TPS;Modern;PlayStation;90;8.7;1 Player;
378;378;Mario & Luigi: Bowser's Inside Story;2009;Nintendo;JRPG;Fantasy;DS;90;8.7;No Online Multiplayer;
379;379;Trials Evolution;2012;Ubisoft;Racing;Motorcycle;Xbox360;90;8.0;not specified;
380;380;Grand Theft Auto IV: The Lost and Damned;2009;RockstarGames;Action Adventure;Open-World;Xbox360;90;8.0;not specified;
381;381;FIFA Soccer 12;2011;EA;Sports;Soccer;Xbox360;90;6.7;not specified;
382;382;Spelunky;2013;XboxGamesStudios;Platformer;2D;PC;90;7.3;No Online Multiplayer;
383;383;FIFA Soccer 10;2009;EA;Sports;Soccer;Xbox360;90;7.5;gen-20;
384;384;Ratchet & Clank: Going Commando;2003;SonyInteractiveEntertainment;Platformer;3D;PlayStation2;90;9.0;1 Player;
385;385;NBA Street Vol. 2;2003;EA;Sports;Basketball;PlayStation2;90;8.6;01-apr;
386;386;Tennis 2K2;2001;Sega;Sports;Tennis;Dreamcast;90;8.2;not specified;
387;387;Black & White;2001;EA;Strategy;Real-Time;PC;90;7.7;not specified;
388;388;Fallout 3;2008;BethesdaSoftworks;Action RPG;Modern;PlayStation3;90;7.9;No Online Multiplayer;
389;389;The Legend of Zelda: The Wind Waker HD;2013;Nintendo;Action Adventure;Open-World;WiiU;90;8.9;No Online Multiplayer;
390;390;ESPN NFL 2K5;2004;2kGames;Sports;Football;PlayStation2;90;8.3;01-feb;
391;391;Portal;2007;Valve;Platformer;3D;PC;90;9.2;1 Player;
392;392;The Legend of Zelda: Phantom Hourglass;2007;Nintendo;Action Adventure;Open-World;DS;90;8.0;01-feb;
393;393;MVP Baseball 2004;2004;EA;Sports;Baseball;PlayStation2;90;8.6;01-feb;
394;394;Tony Hawk's Pro Skater 3;2002;Activision;Sports;Skateboarding;GameBoyAdvance;90;8.0;not specified;
395;395;Dance Dance Revolution;2001;Konami;Rhythm;Music;PlayStation;90;8.8;01-feb;
396;396;NHL 2001;2000;EA;Sports;Ice Hockey;PC;90;6.9;01-ago;
397;397;Advance Wars: Dual Strike;2005;Nintendo;Strategy;Turn-Based;DS;90;8.9;No Online Multiplayer;
398;398;Rayman Legends;2014;Ubisoft;Platformer;2D;PlayStation4;90;8.5;No Online Multiplayer;
399;399;MLB 11: The Show;2011;SonyInteractiveEntertainment;Sports;Baseball;PlayStation3;90;7.8;not specified;
400;400;NieR: Automata - Become as Gods Edition;2018;SquareEnix;Action RPG;Fantasy;XboxOne;90;8.4;No Online Multiplayer;
401;401;Jak and Daxter: The Precursor Legacy;2001;SonyInteractiveEntertainment;Action;3D;PlayStation2;90;8.8;1 Player;
402;402;Star Wars Rogue Leader: Rogue Squadron II;2001;EA;Simulation;Sci-Fi;GameCube;90;8.6;1 Player;
403;403;Monster Hunter: World;2018;Capcom;Action RPG;Fantasy;XboxOne;90;7.2;gen-16;
404;404;Stephen's Sausage Roll;2016;increpare;Puzzle;General;PC;90;5.5;No Online Multiplayer;
405;405;Velocity 2X;2014;Sierra;Action;General;PlayStationVita;90;7.2;not specified;
406;406;Burnout Revenge;2005;EA;Racing;Arcade;PlayStation2;90;8.8;6  Online;
407;407;Tony Hawk's Pro Skater 3;2002;Activision;Sports;Skateboarding;PC;90;8.4;01-ago;
408;408;NBA 2K2;2002;Sega;Sports;Basketball;GameCube;90;8.0;01-apr;
409;409;NCAA Football 2002;2001;EA;Sports;Football;PlayStation2;90;8.5;01-ago;
410;410;Unreal Tournament;2001;EpicGames;FPS;Sci-Fi;Dreamcast;90;8.8;not specified;
411;411;Deus Ex;2000;EidosInteractive;Action Adventure;Stealth;PC;90;9.2;1 Player;
412;412;Donkey Kong 64;1999;Rare;Platformer;3D;Nintendo64;90;8.6;01-apr;
413;413;Panzer Dragoon Orta;2003;Sega;Action;Fantasy;Xbox;90;8.6;1 Player;
414;414;Dead Cells;2018;MotionTwin;Platformer;2D;Switch;90;8.6;No Online Multiplayer;
415;415;Portal: Still Alive;2008;Valve;Platformer;Sci-Fi;Xbox360;90;8.5;1 Player;
416;416;Half-Life 2: Episode Two;2007;Valve;FPS;Sci-Fi;PC;90;9.2;1 Player;
417;417;Fez;2014;PolytronCorp.;Platformer;2D;PlayStation4;90;6.3;1 Player;
418;418;Braid;2009;NumberNoneInc;Platformer;2D;PC;90;8.6;1 Player;
419;419;The Chronicles of Riddick: Escape From Butcher Bay - Developer's Cut;2004;Starbreeze;FPS;Sci-Fi;PC;90;8.7;1 Player;
420;420;Shin Megami Tensei: Persona 4;2008;Atlus;JRPG;Fantasy;PlayStation2;90;8.9;1 Player;
421;421;MLB 09: The Show;2009;SonyInteractiveEntertainment;Sports;Baseball;PlayStation3;90;8.1;not specified;
422;422;Blast Corps;1997;Rare;Action;General;Nintendo64;90;8.5;1 Player;
423;423;Shovel Knight;2014;YachtClubGames;Platformer;2D;3DS;90;8.3;No Online Multiplayer;
424;424;MVP Baseball 2004;2004;EA;Sports;Baseball;Xbox;90;8.5;01-feb;
425;425;Tony Hawk's Pro Skater 4;2002;Activision;Sports;Skateboarding;Xbox;90;8.5;01-feb;
426;426;Sid Meier's Civilization III;2001;FiraxisGames;Strategy;Turn-Based;PC;90;8.4;1 Player;
427;427;NFL 2K2;2001;Sega;Sports;Football;Dreamcast;90;7.9;not specified;
428;428;WWF SmackDown! 2: Know Your Role;2000;THQ;Fighting;3D;PlayStation;90;8.7;01-apr;
429;429;LIMBO;2010;PLAYDEAD;Platformer;2D;Xbox360;90;8.4;not specified;
430;430;Mark of the Ninja;2012;XboxGamesStudios;Adventure;2D;Xbox360;90;7.4;1 Player;
431;431;Silent Hunter III;2005;Ubisoft;Simulation;Horror;PC;90;8.0;8  Online;
432;432;Bayonetta;2017;Sega;Action Adventure;Linear;PC;90;8.2;No Online Multiplayer;
433;433;Assassin's Creed: Brotherhood;2010;Ubisoft;Action Adventure;Open-World;PlayStation3;90;8.2;01-ago;
434;434;Okami;2008;Capcom;Action Adventure;Fantasy;Wii;90;8.9;No Online Multiplayer;
435;435;Super Meat Boy;2010;TeamMeat;Platformer;2D;Xbox360;90;8.0;1 Player;
436;436;Grand Theft Auto: Chinatown Wars;2009;RockstarGames;Action Adventure;Open-World;PSP;90;7.4;not specified;
437;437;Dead Space 2;2011;EA;TPS;Sci-Fi;Xbox360;90;8.6;01-ago;
438;438;Pikmin 2;2004;Nintendo;Strategy;Real-Time;GameCube;90;9.1;01-feb;
439;439;Okami HD;2012;Capcom;Action Adventure;Fantasy;PlayStation3;90;8.9;1 Player;
440;440;NBA 2K17;2016;2kGames;Sports;Basketball;XboxOne;90;5.9;not specified;
441;441;Madden NFL 2002;2001;EA;Sports;Football;Xbox;90;8.4;01-apr;
442;442;Grandia II;2000;Ubisoft;JRPG;Fantasy;Dreamcast;90;8.6;not specified;
443;443;Geometry Wars: Retro Evolved 2;2008;XboxGamesStudios;Action;Sci-Fi;Xbox360;90;8.3;01-apr;
444;444;Sid Meier's Civilization V;2010;FiraxisGames;Strategy;Turn-Based;PC;90;8.0;01-apr;
445;445;Super Mario 3D Land;2011;Nintendo;Platformer;3D;3DS;90;8.4;No Online Multiplayer;
446;446;Mario Kart 8 DLC Pack 2;2015;Nintendo;Racing;Kart;WiiU;90;8.9;not specified;
447;447;Falcon 4.0: Allied Force;2005;LeadPursuit;Simulation;Combat;PC;90;8.6;16  Online;
448;448;Deus Ex: Human Revolution;2011;EidosInteractive;Action Adventure;Stealth;PC;90;8.5;No Online Multiplayer;
449;449;XCOM: Enemy Unknown;2012;FiraxisGames;Strategy;Turn-Based;Xbox360;90;8.3;01-feb;
450;450;Metroid Prime 3: Corruption;2007;Nintendo;FPS;Sci-Fi;Wii;90;8.9;No Online Multiplayer;
451;451;Monster Hunter: World;2018;Capcom;Action RPG;Fantasy;PlayStation4;90;7.8;01-apr;
452;452;Flight Simulator 2002;2001;XboxGamesStudios;Simulation;Flight;PC;90;8.3;not specified;
453;453;Banjo-Tooie;2000;Rare;Platformer;3D;Nintendo64;90;9.0;not specified;
454;454;Brothers: A Tale of Two Sons;2013;Starbreeze;Action Adventure;Linear;PC;90;8.6;No Online Multiplayer;
455;455;Dota 2;2013;Valve;;Strategy;Real-Time;PC;90;6.5;01-ott
456;456;World Soccer Winning Eleven 8 International;2005;Konami;Sports;Soccer;Xbox;90;8.4;01-apr;
457;457;Hollow Knight;2018;TeamCherry;"Action Adventure""""";Fantasy;Switch;90;8.8;No Online Multiplayer;
458;458;TimeSplitters 2;2002;EidosInteractive;FPS;Sci-Fi;PlayStation2;90;8.8;gen-16;
459;459;Guild Wars 2;2012;ArenaNet;MMORPG;Fantasy;PC;90;8.1;Massively Multiplayer;
460;460;Forza Motorsport 2;2007;XboxGamesStudios;Racing;GT/Street;Xbox360;90;8.3;8  Online;
461;461;Tales From The Borderlands: Episode 5 - The Vault of the Traveler;2015;TelltaleGames;Adventure;Fantasy;PlayStation4;90;8.0;not specified;
462;462;Pushmo;2011;Nintendo;Puzzle;3D;3DS;90;8.3;1 Player;
463;463;The Witcher 3: Wild Hunt - Hearts of Stone;2015;CDProjectRedStudio;Action RPG;Open-World;PlayStation4;90;8.7;not specified;
464;464;Metal Gear Solid HD Collection;2011;Konami;Action Adventure;Stealth;Xbox360;90;8.7;not specified;
465;465;Viewtiful Joe;2004;CloverStudio;Action;Beat-Em-Up;PlayStation2;90;8.3;1 Player;
466;466;Madden NFL 2005;2004;EA;Sports;Football;GameCube;90;8.0;01-apr;
467;467;Tiger Woods PGA Tour 2003;2002;EA;Sports;Golf;GameCube;90;8.0;01-apr;
468;468;Freedom Force;2002;EA;Action RPG;Fantasy;PC;90;7.9;01-apr;
469;469;NBA 2K2;2002;Sega;Sports;Basketball;Xbox;90;7.6;01-apr;
470;470;Colin McRae Rally 2.0;2000;Ubisoft;Racing;Rally;PlayStation;90;8.2;01-feb;
471;471;FIFA Soccer 13;2012;EA;Sports;Soccer;Xbox360;90;6.2;not specified;
472;472;LIMBO;2011;PLAYDEAD;Platformer;2D;PlayStation3;90;7.8;not specified;
473;473;GTR 2;2006;SimBin;Racing;GT/Street;PC;90;8.7;24  Online;
474;474;NBA 2K13;2012;2kGames;Sports;Basketball;PlayStation3;90;8.0;not specified;
475;475;Grand Theft Auto IV;2008;RockstarGames;Action Adventure;Open-World;PC;90;6.7;1 Player;
476;476;Total War: Shogun 2;2011;Sega;Strategy;Turn-Based;PC;90;8.4;Online Multiplayer;
477;477;Empire: Total War;2009;Sega;Strategy;Real-Time;PC;90;7.0;not specified;
478;478;Rayman Legends;2013;Ubisoft;Platformer;2D;Xbox360;90;8.2;not specified;
479;479;Bayonetta + Bayonetta 2;2018;Sega;Action Adventure;Fantasy;Switch;90;8.7;No Online Multiplayer;
480;480;Kentucky Route Zero - Act IV;2016;AnnapurnaInteractive;Adventure;General;PC;90;6.2;not specified;
481;481;Guacamelee! Super Turbo Championship Edition;2014;DrinkBoxStudios;Platformer;2D;WiiU;90;7.6;not specified;
482;482;NBA 2K12;2011;2kGames;Sports;Basketball;Xbox360;90;7.7;not specified;
483;483;ESPN NHL Hockey;2003;Sega;Sports;Ice Hockey;PlayStation2;90;7.0;01-ago;
484;484;Rayman 2 Revolution;2001;Ubisoft;Platformer;3D;PlayStation2;90;8.4;1 Player;
485;485;Madden NFL 2001;2000;EA;Sports;Football;PlayStation;90;6.8;not specified;
486;486;Final Fantasy VIII;1999;SquareEnix;JRPG;Fantasy;PlayStation;90;8.6;1 Player;
487;487;Beetle Adventure Racing;1999;EA;Racing;Arcade;Nintendo64;90;7.3;01-apr;
488;488;Command & Conquer: Red Alert;1996;EA;Strategy;Real-Time;PC;90;8.8;01-giu;
